Year,AFOLU,Energy,IPPU,Waste
2015,34010.27757,127465.227734,71939.770474,26055.4195375
2016,37747.209303,187658.24734899998,76125.203102,26131.538805
2017,30741.434248,123123.24957599999,50802.758136,25514.355555
2018,25534.92262,128970.40889099998,63617.035768,14386.5415575
2019,16823.190798,149283.241178,46867.604368,18427.0345675
2020,35386.550805,115500.60246899999,49537.887281999996,12711.9176725
2021,20171.344781,127695.69970699999,62500.407008,24831.339425
