Year,CH4,CO2,HFCs,N2O,PFCs,SF6
2015,3759.995,254566.7,26.26605,1114.845,2.626605,0.2626605
2016,4641.685,321609.8,33.2969,1373.754,3.3296900000000003,0.332969
2017,3391.09,225754.8,23.3365,1010.004,2.33365,0.23336500000000002
2018,3218.8100000000004,228315.19999999998,23.59715,948.7059999999999,2.359715,0.2359715
2019,3158.9750000000004,227299.4,23.92965,916.134,2.3929650000000002,0.23929650000000002
2020,3123.63,209039.8,21.14435,950.058,2.114435,0.2114435
2021,3282.035,230939.3,24.2711,950.515,2.4271100000000003,0.242711
