Year,Emissions (kg),Change (%)
2015,259470.6953155,
2016,327662.198559,26.28100377986169
2017,230181.79751499998,-29.75027374921534
2018,232508.9088365,1.0109884215967924
2019,231401.0709115,-0.47647117288698304
2020,213136.9582285,-7.892838443252126
2021,235198.790921,10.351012267355308
